metrics,score
context_relevance,0.8972222222222223
faithfulness,0.84375
sas,0.615156986285001
