metrics,score
context_relevance,0.8651515151515151
faithfulness,0.78125
sas,0.6282963403500617
