metrics,score
context_relevance,0.8841346153846154
faithfulness,0.75
sas,0.6721005141735077
