metrics,score
context_relevance,0.8854166666666666
faithfulness,0.9375
sas,0.6005640863440931
