metrics,score
context_relevance,0.8677083333333333
faithfulness,0.875
sas,0.6708203200250864
