metrics,score
context_relevance,0.8202380952380952
faithfulness,0.875
sas,0.6717884573154151
