metrics,score
context_relevance,0.7291666666666666
faithfulness,0.78125
sas,0.6318415249697864
