metrics,score
context_relevance,0.9791666666666666
faithfulness,0.8125
sas,0.5710730403661728
