metrics,score
context_relevance,0.9568181818181818
faithfulness,0.90625
sas,0.6698856577277184
