metrics,score
context_relevance,0.8041666666666667
faithfulness,0.875
sas,0.6265539899468422
