metrics,score
context_relevance,0.8034722222222223
faithfulness,0.875
sas,0.6323318877257407
