metrics,score
context_relevance,0.8723214285714286
faithfulness,0.9375
sas,0.6247221268713474
