metrics,score
context_relevance,0.8989583333333333
faithfulness,0.75
sas,0.5706677185371518
