metrics,score
context_relevance,0.7260416666666667
faithfulness,0.65625
sas,0.40712086274288595
