metrics,score
context_relevance,0.9366477272727273
faithfulness,0.90625
sas,0.6451006601564586
