metrics,score
context_relevance,0.6659226190476191
faithfulness,0.6875
sas,0.5589405696373433
