metrics,score
context_relevance,
faithfulness,0.8068181818181819
sas,0.5631078276783228
