metrics,score
context_relevance,0.7901785714285714
faithfulness,0.6875
sas,0.5227168733254075
