metrics,score
context_relevance,0.9427083333333334
faithfulness,0.8125
sas,0.7014832007698715
