metrics,score
context_relevance,0.7010416666666666
faithfulness,0.78125
sas,0.6346489889547229
