metrics,score
context_relevance,0.8072916666666666
faithfulness,0.875
sas,0.6456753523088992
